CustomerId,CustomerCompanyName,OrderId,OrderDate
85,Customer ENQZT,10248,2014-07-04
79,Customer FAPSM,10249,2014-07-05
34,Customer IBVRG,10250,2014-07-08
84,Customer NRCSK,10251,2014-07-08
76,Customer SFOGW,10252,2014-07-09
34,Customer IBVRG,10253,2014-07-10
14,Customer WNMAF,10254,2014-07-11
68,Customer CCKOT,10255,2014-07-12
88,Customer SRQVM,10256,2014-07-15
35,Customer UMTLM,10257,2014-07-16
20,Customer THHDP,10258,2014-07-17
13,Customer VMLOG,10259,2014-07-18
56,Customer QNIVZ,10260,2014-07-19
61,Customer WULWD,10261,2014-07-19
65,Customer NYUHS,10262,2014-07-22
20,Customer THHDP,10263,2014-07-23
24,Customer CYZTN,10264,2014-07-24
7,Customer QXVLA,10265,2014-07-25
87,Customer ZHYOS,10266,2014-07-26
25,Customer AZJED,10267,2014-07-29
33,Customer FVXPQ,10268,2014-07-30
89,Customer YBQTI,10269,2014-07-31
87,Customer ZHYOS,10270,2014-08-01
75,Customer XOJYP,10271,2014-08-01
65,Customer NYUHS,10272,2014-08-02
63,Customer IRRVL,10273,2014-08-05
85,Customer ENQZT,10274,2014-08-06
49,Customer CQRAA,10275,2014-08-07
80,Customer VONTK,10276,2014-08-08
52,Customer PZNLA,10277,2014-08-09
5,Customer HGVLZ,10278,2014-08-12
44,Customer OXFRU,10279,2014-08-13
5,Customer HGVLZ,10280,2014-08-14
69,Customer SIUIH,10281,2014-08-14
69,Customer SIUIH,10282,2014-08-15
46,Customer XPNIK,10283,2014-08-16
44,Customer OXFRU,10284,2014-08-19
63,Customer IRRVL,10285,2014-08-20
63,Customer IRRVL,10286,2014-08-21
67,Customer QVEPD,10287,2014-08-22
66,Customer LHANT,10288,2014-08-23
11,Customer UBHAU,10289,2014-08-26
15,Customer JUWXK,10290,2014-08-27
61,Customer WULWD,10291,2014-08-27
81,Customer YQQWW,10292,2014-08-28
80,Customer VONTK,10293,2014-08-29
65,Customer NYUHS,10294,2014-08-30
85,Customer ENQZT,10295,2014-09-02
46,Customer XPNIK,10296,2014-09-03
7,Customer QXVLA,10297,2014-09-04
37,Customer FRXZL,10298,2014-09-05
67,Customer QVEPD,10299,2014-09-06
49,Customer CQRAA,10300,2014-09-09
86,Customer SNXOJ,10301,2014-09-09
76,Customer SFOGW,10302,2014-09-10
30,Customer KSLQF,10303,2014-09-11
80,Customer VONTK,10304,2014-09-12
55,Customer KZQZT,10305,2014-09-13
69,Customer SIUIH,10306,2014-09-16
48,Customer DVFMB,10307,2014-09-17
2,Customer MLTDN,10308,2014-09-18
37,Customer FRXZL,10309,2014-09-19
77,Customer LCYBZ,10310,2014-09-20
18,Customer BSVAR,10311,2014-09-20
86,Customer SNXOJ,10312,2014-09-23
63,Customer IRRVL,10313,2014-09-24
65,Customer NYUHS,10314,2014-09-25
38,Customer LJUCA,10315,2014-09-26
65,Customer NYUHS,10316,2014-09-27
48,Customer DVFMB,10317,2014-09-30
38,Customer LJUCA,10318,2014-10-01
80,Customer VONTK,10319,2014-10-02
87,Customer ZHYOS,10320,2014-10-03
38,Customer LJUCA,10321,2014-10-03
58,Customer AHXHT,10322,2014-10-04
39,Customer GLLAG,10323,2014-10-07
71,Customer LCOUJ,10324,2014-10-08
39,Customer GLLAG,10325,2014-10-09
8,Customer QUHWH,10326,2014-10-10
24,Customer CYZTN,10327,2014-10-11
28,Customer XYUFB,10328,2014-10-14
75,Customer XOJYP,10329,2014-10-15
46,Customer XPNIK,10330,2014-10-16
9,Customer RTXGC,10331,2014-10-16
51,Customer PVDZC,10332,2014-10-17
87,Customer ZHYOS,10333,2014-10-18
84,Customer NRCSK,10334,2014-10-21
37,Customer FRXZL,10335,2014-10-22
60,Customer QZURI,10336,2014-10-23
25,Customer AZJED,10337,2014-10-24
55,Customer KZQZT,10338,2014-10-25
51,Customer PVDZC,10339,2014-10-28
9,Customer RTXGC,10340,2014-10-29
73,Customer JMIKW,10341,2014-10-29
25,Customer AZJED,10342,2014-10-30
44,Customer OXFRU,10343,2014-10-31
89,Customer YBQTI,10344,2014-11-01
63,Customer IRRVL,10345,2014-11-04
65,Customer NYUHS,10346,2014-11-05
21,Customer KIDPX,10347,2014-11-06
86,Customer SNXOJ,10348,2014-11-07
75,Customer XOJYP,10349,2014-11-08
41,Customer XIIWM,10350,2014-11-11
20,Customer THHDP,10351,2014-11-11
28,Customer XYUFB,10352,2014-11-12
59,Customer LOLJO,10353,2014-11-13
58,Customer AHXHT,10354,2014-11-14
4,Customer HFBZG,10355,2014-11-15
86,Customer SNXOJ,10356,2014-11-18
46,Customer XPNIK,10357,2014-11-19
41,Customer XIIWM,10358,2014-11-20
72,Customer AHPOP,10359,2014-11-21
7,Customer QXVLA,10360,2014-11-22
63,Customer IRRVL,10361,2014-11-22
9,Customer RTXGC,10362,2014-11-25
17,Customer FEVNN,10363,2014-11-26
19,Customer RFNQC,10364,2014-11-26
3,Customer KBUDE,10365,2014-11-27
29,Customer MDLWA,10366,2014-11-28
83,Customer ZRNDE,10367,2014-11-28
20,Customer THHDP,10368,2014-11-29
75,Customer XOJYP,10369,2014-12-02
14,Customer WNMAF,10370,2014-12-03
41,Customer XIIWM,10371,2014-12-03
62,Customer WFIZJ,10372,2014-12-04
37,Customer FRXZL,10373,2014-12-05
91,Customer CCFIZ,10374,2014-12-05
36,Customer LVJSO,10375,2014-12-06
51,Customer PVDZC,10376,2014-12-09
72,Customer AHPOP,10377,2014-12-09
24,Customer CYZTN,10378,2014-12-10
61,Customer WULWD,10379,2014-12-11
37,Customer FRXZL,10380,2014-12-12
46,Customer XPNIK,10381,2014-12-12
20,Customer THHDP,10382,2014-12-13
4,Customer HFBZG,10383,2014-12-16
5,Customer HGVLZ,10384,2014-12-16
75,Customer XOJYP,10385,2014-12-17
21,Customer KIDPX,10386,2014-12-18
70,Customer TMXGN,10387,2014-12-18
72,Customer AHPOP,10388,2014-12-19
10,Customer EEALV,10389,2014-12-20
20,Customer THHDP,10390,2014-12-23
17,Customer FEVNN,10391,2014-12-23
59,Customer LOLJO,10392,2014-12-24
71,Customer LCOUJ,10393,2014-12-25
36,Customer LVJSO,10394,2014-12-25
35,Customer UMTLM,10395,2014-12-26
25,Customer AZJED,10396,2014-12-27
60,Customer QZURI,10397,2014-12-27
71,Customer LCOUJ,10398,2014-12-30
83,Customer ZRNDE,10399,2014-12-31
19,Customer RFNQC,10400,2015-01-01
65,Customer NYUHS,10401,2015-01-01
20,Customer THHDP,10402,2015-01-02
20,Customer THHDP,10403,2015-01-03
49,Customer CQRAA,10404,2015-01-03
47,Customer PSQUZ,10405,2015-01-06
62,Customer WFIZJ,10406,2015-01-07
56,Customer QNIVZ,10407,2015-01-07
23,Customer WVFAF,10408,2015-01-08
54,Customer TDKEG,10409,2015-01-09
10,Customer EEALV,10410,2015-01-10
10,Customer EEALV,10411,2015-01-10
87,Customer ZHYOS,10412,2015-01-13
41,Customer XIIWM,10413,2015-01-14
21,Customer KIDPX,10414,2015-01-14
36,Customer LVJSO,10415,2015-01-15
87,Customer ZHYOS,10416,2015-01-16
73,Customer JMIKW,10417,2015-01-16
63,Customer IRRVL,10418,2015-01-17
68,Customer CCKOT,10419,2015-01-20
88,Customer SRQVM,10420,2015-01-21
61,Customer WULWD,10421,2015-01-21
27,Customer WMFEA,10422,2015-01-22
31,Customer YJCBX,10423,2015-01-23
51,Customer PVDZC,10424,2015-01-23
41,Customer XIIWM,10425,2015-01-24
29,Customer MDLWA,10426,2015-01-27
59,Customer LOLJO,10427,2015-01-27
66,Customer LHANT,10428,2015-01-28
37,Customer FRXZL,10429,2015-01-29
20,Customer THHDP,10430,2015-01-30
10,Customer EEALV,10431,2015-01-30
75,Customer XOJYP,10432,2015-01-31
60,Customer QZURI,10433,2015-02-03
24,Customer CYZTN,10434,2015-02-03
16,Customer GYBBY,10435,2015-02-04
7,Customer QXVLA,10436,2015-02-05
87,Customer ZHYOS,10437,2015-02-05
79,Customer FAPSM,10438,2015-02-06
51,Customer PVDZC,10439,2015-02-07
71,Customer LCOUJ,10440,2015-02-10
55,Customer KZQZT,10441,2015-02-10
20,Customer THHDP,10442,2015-02-11
66,Customer LHANT,10443,2015-02-12
5,Customer HGVLZ,10444,2015-02-12
5,Customer HGVLZ,10445,2015-02-13
79,Customer FAPSM,10446,2015-02-14
67,Customer QVEPD,10447,2015-02-14
64,Customer LWGMD,10448,2015-02-17
7,Customer QXVLA,10449,2015-02-18
84,Customer NRCSK,10450,2015-02-19
63,Customer IRRVL,10451,2015-02-19
71,Customer LCOUJ,10452,2015-02-20
4,Customer HFBZG,10453,2015-02-21
41,Customer XIIWM,10454,2015-02-21
87,Customer ZHYOS,10455,2015-02-24
39,Customer GLLAG,10456,2015-02-25
39,Customer GLLAG,10457,2015-02-25
76,Customer SFOGW,10458,2015-02-26
84,Customer NRCSK,10459,2015-02-27
24,Customer CYZTN,10460,2015-02-28
46,Customer XPNIK,10461,2015-02-28
16,Customer GYBBY,10462,2015-03-03
76,Customer SFOGW,10463,2015-03-04
28,Customer XYUFB,10464,2015-03-04
83,Customer ZRNDE,10465,2015-03-05
15,Customer JUWXK,10466,2015-03-06
49,Customer CQRAA,10467,2015-03-06
39,Customer GLLAG,10468,2015-03-07
89,Customer YBQTI,10469,2015-03-10
9,Customer RTXGC,10470,2015-03-11
11,Customer UBHAU,10471,2015-03-11
72,Customer AHPOP,10472,2015-03-12
38,Customer LJUCA,10473,2015-03-13
58,Customer AHXHT,10474,2015-03-13
76,Customer SFOGW,10475,2015-03-14
35,Customer UMTLM,10476,2015-03-17
60,Customer QZURI,10477,2015-03-17
84,Customer NRCSK,10478,2015-03-18
65,Customer NYUHS,10479,2015-03-19
23,Customer WVFAF,10480,2015-03-20
67,Customer QVEPD,10481,2015-03-20
43,Customer UISOJ,10482,2015-03-21
89,Customer YBQTI,10483,2015-03-24
11,Customer UBHAU,10484,2015-03-24
47,Customer PSQUZ,10485,2015-03-25
35,Customer UMTLM,10486,2015-03-26
62,Customer WFIZJ,10487,2015-03-26
25,Customer AZJED,10488,2015-03-27
59,Customer LOLJO,10489,2015-03-28
35,Customer UMTLM,10490,2015-03-31
28,Customer XYUFB,10491,2015-03-31
10,Customer EEALV,10492,2015-04-01
41,Customer XIIWM,10493,2015-04-02
15,Customer JUWXK,10494,2015-04-02
42,Customer IAIJK,10495,2015-04-03
81,Customer YQQWW,10496,2015-04-04
44,Customer OXFRU,10497,2015-04-04
35,Customer UMTLM,10498,2015-04-07
46,Customer XPNIK,10499,2015-04-08
41,Customer XIIWM,10500,2015-04-09
6,Customer XHXJV,10501,2015-04-09
58,Customer AHXHT,10502,2015-04-10
37,Customer FRXZL,10503,2015-04-11
89,Customer YBQTI,10504,2015-04-11
51,Customer PVDZC,10505,2015-04-14
39,Customer GLLAG,10506,2015-04-15
3,Customer KBUDE,10507,2015-04-15
56,Customer QNIVZ,10508,2015-04-16
6,Customer XHXJV,10509,2015-04-17
71,Customer LCOUJ,10510,2015-04-18
9,Customer RTXGC,10511,2015-04-18
21,Customer KIDPX,10512,2015-04-21
86,Customer SNXOJ,10513,2015-04-22
20,Customer THHDP,10514,2015-04-22
63,Customer IRRVL,10515,2015-04-23
37,Customer FRXZL,10516,2015-04-24
53,Customer GCJSG,10517,2015-04-24
80,Customer VONTK,10518,2015-04-25
14,Customer WNMAF,10519,2015-04-28
70,Customer TMXGN,10520,2015-04-29
12,Customer PSNMQ,10521,2015-04-29
44,Customer OXFRU,10522,2015-04-30
72,Customer AHPOP,10523,2015-05-01
5,Customer HGVLZ,10524,2015-05-01
9,Customer RTXGC,10525,2015-05-02
87,Customer ZHYOS,10526,2015-05-05
63,Customer IRRVL,10527,2015-05-05
32,Customer YSIQX,10528,2015-05-06
50,Customer JYPSC,10529,2015-05-07
59,Customer LOLJO,10530,2015-05-08
54,Customer TDKEG,10531,2015-05-08
19,Customer RFNQC,10532,2015-05-09
24,Customer CYZTN,10533,2015-05-12
44,Customer OXFRU,10534,2015-05-12
3,Customer KBUDE,10535,2015-05-13
44,Customer OXFRU,10536,2015-05-14
68,Customer CCKOT,10537,2015-05-14
11,Customer UBHAU,10538,2015-05-15
11,Customer UBHAU,10539,2015-05-16
63,Customer IRRVL,10540,2015-05-19
34,Customer IBVRG,10541,2015-05-19
39,Customer GLLAG,10542,2015-05-20
46,Customer XPNIK,10543,2015-05-21
48,Customer DVFMB,10544,2015-05-21
43,Customer UISOJ,10545,2015-05-22
84,Customer NRCSK,10546,2015-05-23
72,Customer AHPOP,10547,2015-05-23
79,Customer FAPSM,10548,2015-05-26
63,Customer IRRVL,10549,2015-05-27
30,Customer KSLQF,10550,2015-05-28
28,Customer XYUFB,10551,2015-05-28
35,Customer UMTLM,10552,2015-05-29
87,Customer ZHYOS,10553,2015-05-30
56,Customer QNIVZ,10554,2015-05-30
71,Customer LCOUJ,10555,2015-06-02
73,Customer JMIKW,10556,2015-06-03
44,Customer OXFRU,10557,2015-06-03
4,Customer HFBZG,10558,2015-06-04
7,Customer QXVLA,10559,2015-06-05
25,Customer AZJED,10560,2015-06-06
24,Customer CYZTN,10561,2015-06-06
66,Customer LHANT,10562,2015-06-09
67,Customer QVEPD,10563,2015-06-10
65,Customer NYUHS,10564,2015-06-10
51,Customer PVDZC,10565,2015-06-11
7,Customer QXVLA,10566,2015-06-12
37,Customer FRXZL,10567,2015-06-12
29,Customer MDLWA,10568,2015-06-13
65,Customer NYUHS,10569,2015-06-16
51,Customer PVDZC,10570,2015-06-17
20,Customer THHDP,10571,2015-06-17
5,Customer HGVLZ,10572,2015-06-18
3,Customer KBUDE,10573,2015-06-19
82,Customer EYHKM,10574,2015-06-19
52,Customer PZNLA,10575,2015-06-20
80,Customer VONTK,10576,2015-06-23
82,Customer EYHKM,10577,2015-06-23
11,Customer UBHAU,10578,2015-06-24
45,Customer QXPPT,10579,2015-06-25
56,Customer QNIVZ,10580,2015-06-26
21,Customer KIDPX,10581,2015-06-26
6,Customer XHXJV,10582,2015-06-27
87,Customer ZHYOS,10583,2015-06-30
7,Customer QXVLA,10584,2015-06-30
88,Customer SRQVM,10585,2015-07-01
66,Customer LHANT,10586,2015-07-02
61,Customer WULWD,10587,2015-07-02
63,Customer IRRVL,10588,2015-07-03
32,Customer YSIQX,10589,2015-07-04
51,Customer PVDZC,10590,2015-07-07
83,Customer ZRNDE,10591,2015-07-07
44,Customer OXFRU,10592,2015-07-08
44,Customer OXFRU,10593,2015-07-09
55,Customer KZQZT,10594,2015-07-09
20,Customer THHDP,10595,2015-07-10
89,Customer YBQTI,10596,2015-07-11
59,Customer LOLJO,10597,2015-07-11
65,Customer NYUHS,10598,2015-07-14
11,Customer UBHAU,10599,2015-07-15
36,Customer LVJSO,10600,2015-07-16
35,Customer UMTLM,10601,2015-07-16
83,Customer ZRNDE,10602,2015-07-17
71,Customer LCOUJ,10603,2015-07-18
28,Customer XYUFB,10604,2015-07-18
51,Customer PVDZC,10605,2015-07-21
81,Customer YQQWW,10606,2015-07-22
71,Customer LCOUJ,10607,2015-07-22
79,Customer FAPSM,10608,2015-07-23
18,Customer BSVAR,10609,2015-07-24
41,Customer XIIWM,10610,2015-07-25
91,Customer CCFIZ,10611,2015-07-25
71,Customer LCOUJ,10612,2015-07-28
35,Customer UMTLM,10613,2015-07-29
6,Customer XHXJV,10614,2015-07-29
90,Customer XBBVR,10615,2015-07-30
32,Customer YSIQX,10616,2015-07-31
32,Customer YSIQX,10617,2015-07-31
51,Customer PVDZC,10618,2015-08-01
51,Customer PVDZC,10619,2015-08-04
42,Customer IAIJK,10620,2015-08-05
38,Customer LJUCA,10621,2015-08-05
67,Customer QVEPD,10622,2015-08-06
25,Customer AZJED,10623,2015-08-07
78,Customer NLTYP,10624,2015-08-07
2,Customer MLTDN,10625,2015-08-08
5,Customer HGVLZ,10626,2015-08-11
71,Customer LCOUJ,10627,2015-08-11
7,Customer QXVLA,10628,2015-08-12
30,Customer KSLQF,10629,2015-08-12
39,Customer GLLAG,10630,2015-08-13
41,Customer XIIWM,10631,2015-08-14
86,Customer SNXOJ,10632,2015-08-14
20,Customer THHDP,10633,2015-08-15
23,Customer WVFAF,10634,2015-08-15
49,Customer CQRAA,10635,2015-08-18
87,Customer ZHYOS,10636,2015-08-19
62,Customer WFIZJ,10637,2015-08-19
47,Customer PSQUZ,10638,2015-08-20
70,Customer TMXGN,10639,2015-08-20
86,Customer SNXOJ,10640,2015-08-21
35,Customer UMTLM,10641,2015-08-22
73,Customer JMIKW,10642,2015-08-22
1,Customer NRZBB,10643,2015-08-25
88,Customer SRQVM,10644,2015-08-25
34,Customer IBVRG,10645,2015-08-26
37,Customer FRXZL,10646,2015-08-27
61,Customer WULWD,10647,2015-08-27
67,Customer QVEPD,10648,2015-08-28
50,Customer JYPSC,10649,2015-08-28
21,Customer KIDPX,10650,2015-08-29
86,Customer SNXOJ,10651,2015-09-01
31,Customer YJCBX,10652,2015-09-01
25,Customer AZJED,10653,2015-09-02
5,Customer HGVLZ,10654,2015-09-02
66,Customer LHANT,10655,2015-09-03
32,Customer YSIQX,10656,2015-09-04
71,Customer LCOUJ,10657,2015-09-04
63,Customer IRRVL,10658,2015-09-05
62,Customer WFIZJ,10659,2015-09-05
36,Customer LVJSO,10660,2015-09-08
37,Customer FRXZL,10661,2015-09-09
48,Customer DVFMB,10662,2015-09-09
9,Customer RTXGC,10663,2015-09-10
28,Customer XYUFB,10664,2015-09-10
48,Customer DVFMB,10665,2015-09-11
68,Customer CCKOT,10666,2015-09-12
20,Customer THHDP,10667,2015-09-12
86,Customer SNXOJ,10668,2015-09-15
73,Customer JMIKW,10669,2015-09-15
25,Customer AZJED,10670,2015-09-16
26,Customer USDBG,10671,2015-09-17
5,Customer HGVLZ,10672,2015-09-17
90,Customer XBBVR,10673,2015-09-18
38,Customer LJUCA,10674,2015-09-18
25,Customer AZJED,10675,2015-09-19
80,Customer VONTK,10676,2015-09-22
3,Customer KBUDE,10677,2015-09-22
71,Customer LCOUJ,10678,2015-09-23
7,Customer QXVLA,10679,2015-09-23
55,Customer KZQZT,10680,2015-09-24
32,Customer YSIQX,10681,2015-09-25
3,Customer KBUDE,10682,2015-09-25
18,Customer BSVAR,10683,2015-09-26
56,Customer QNIVZ,10684,2015-09-26
31,Customer YJCBX,10685,2015-09-29
59,Customer LOLJO,10686,2015-09-30
37,Customer FRXZL,10687,2015-09-30
83,Customer ZRNDE,10688,2015-10-01
5,Customer HGVLZ,10689,2015-10-01
34,Customer IBVRG,10690,2015-10-02
63,Customer IRRVL,10691,2015-10-03
1,Customer NRZBB,10692,2015-10-03
89,Customer YBQTI,10693,2015-10-06
63,Customer IRRVL,10694,2015-10-06
90,Customer XBBVR,10695,2015-10-07
89,Customer YBQTI,10696,2015-10-08
47,Customer PSQUZ,10697,2015-10-08
20,Customer THHDP,10698,2015-10-09
52,Customer PZNLA,10699,2015-10-09
71,Customer LCOUJ,10700,2015-10-10
37,Customer FRXZL,10701,2015-10-13
1,Customer NRZBB,10702,2015-10-13
24,Customer CYZTN,10703,2015-10-14
62,Customer WFIZJ,10704,2015-10-14
35,Customer UMTLM,10705,2015-10-15
55,Customer KZQZT,10706,2015-10-16
4,Customer HFBZG,10707,2015-10-16
77,Customer LCYBZ,10708,2015-10-17
31,Customer YJCBX,10709,2015-10-17
27,Customer WMFEA,10710,2015-10-20
71,Customer LCOUJ,10711,2015-10-21
37,Customer FRXZL,10712,2015-10-21
71,Customer LCOUJ,10713,2015-10-22
71,Customer LCOUJ,10714,2015-10-22
9,Customer RTXGC,10715,2015-10-23
64,Customer LWGMD,10716,2015-10-24
25,Customer AZJED,10717,2015-10-24
39,Customer GLLAG,10718,2015-10-27
45,Customer QXPPT,10719,2015-10-27
61,Customer WULWD,10720,2015-10-28
63,Customer IRRVL,10721,2015-10-29
71,Customer LCOUJ,10722,2015-10-29
89,Customer YBQTI,10723,2015-10-30
51,Customer PVDZC,10724,2015-10-30
21,Customer KIDPX,10725,2015-10-31
19,Customer RFNQC,10726,2015-11-03
66,Customer LHANT,10727,2015-11-03
62,Customer WFIZJ,10728,2015-11-04
47,Customer PSQUZ,10729,2015-11-04
9,Customer RTXGC,10730,2015-11-05
14,Customer WNMAF,10731,2015-11-06
9,Customer RTXGC,10732,2015-11-06
5,Customer HGVLZ,10733,2015-11-07
31,Customer YJCBX,10734,2015-11-07
45,Customer QXPPT,10735,2015-11-10
37,Customer FRXZL,10736,2015-11-11
85,Customer ENQZT,10737,2015-11-11
74,Customer YSHXL,10738,2015-11-12
85,Customer ENQZT,10739,2015-11-12
89,Customer YBQTI,10740,2015-11-13
4,Customer HFBZG,10741,2015-11-14
10,Customer EEALV,10742,2015-11-14
4,Customer HFBZG,10743,2015-11-17
83,Customer ZRNDE,10744,2015-11-17
63,Customer IRRVL,10745,2015-11-18
14,Customer WNMAF,10746,2015-11-19
59,Customer LOLJO,10747,2015-11-19
71,Customer LCOUJ,10748,2015-11-20
38,Customer LJUCA,10749,2015-11-20
87,Customer ZHYOS,10750,2015-11-21
68,Customer CCKOT,10751,2015-11-24
53,Customer GCJSG,10752,2015-11-24
27,Customer WMFEA,10753,2015-11-25
49,Customer CQRAA,10754,2015-11-25
9,Customer RTXGC,10755,2015-11-26
75,Customer XOJYP,10756,2015-11-27
71,Customer LCOUJ,10757,2015-11-27
68,Customer CCKOT,10758,2015-11-28
2,Customer MLTDN,10759,2015-11-28
50,Customer JYPSC,10760,2015-12-01
65,Customer NYUHS,10761,2015-12-02
24,Customer CYZTN,10762,2015-12-02
23,Customer WVFAF,10763,2015-12-03
20,Customer THHDP,10764,2015-12-03
63,Customer IRRVL,10765,2015-12-04
56,Customer QNIVZ,10766,2015-12-05
76,Customer SFOGW,10767,2015-12-05
4,Customer HFBZG,10768,2015-12-08
83,Customer ZRNDE,10769,2015-12-08
34,Customer IBVRG,10770,2015-12-09
20,Customer THHDP,10771,2015-12-10
44,Customer OXFRU,10772,2015-12-10
20,Customer THHDP,10773,2015-12-11
24,Customer CYZTN,10774,2015-12-11
78,Customer NLTYP,10775,2015-12-12
20,Customer THHDP,10776,2015-12-15
31,Customer YJCBX,10777,2015-12-15
5,Customer HGVLZ,10778,2015-12-16
52,Customer PZNLA,10779,2015-12-16
46,Customer XPNIK,10780,2015-12-16
87,Customer ZHYOS,10781,2015-12-17
12,Customer PSNMQ,10782,2015-12-17
34,Customer IBVRG,10783,2015-12-18
49,Customer CQRAA,10784,2015-12-18
33,Customer FVXPQ,10785,2015-12-18
62,Customer WFIZJ,10786,2015-12-19
41,Customer XIIWM,10787,2015-12-19
63,Customer IRRVL,10788,2015-12-22
23,Customer WVFAF,10789,2015-12-22
31,Customer YJCBX,10790,2015-12-22
25,Customer AZJED,10791,2015-12-23
91,Customer CCFIZ,10792,2015-12-23
4,Customer HFBZG,10793,2015-12-24
61,Customer WULWD,10794,2015-12-24
20,Customer THHDP,10795,2015-12-24
35,Customer UMTLM,10796,2015-12-25
17,Customer FEVNN,10797,2015-12-25
38,Customer LJUCA,10798,2015-12-26
39,Customer GLLAG,10799,2015-12-26
72,Customer AHPOP,10800,2015-12-26
8,Customer QUHWH,10801,2015-12-29
73,Customer JMIKW,10802,2015-12-29
88,Customer SRQVM,10803,2015-12-30
72,Customer AHPOP,10804,2015-12-30
77,Customer LCYBZ,10805,2015-12-30
84,Customer NRCSK,10806,2015-12-31
27,Customer WMFEA,10807,2015-12-31
55,Customer KZQZT,10808,2016-01-01
88,Customer SRQVM,10809,2016-01-01
42,Customer IAIJK,10810,2016-01-01
47,Customer PSQUZ,10811,2016-01-02
66,Customer LHANT,10812,2016-01-02
67,Customer QVEPD,10813,2016-01-05
84,Customer NRCSK,10814,2016-01-05
71,Customer LCOUJ,10815,2016-01-05
32,Customer YSIQX,10816,2016-01-06
39,Customer GLLAG,10817,2016-01-06
49,Customer CQRAA,10818,2016-01-07
12,Customer PSNMQ,10819,2016-01-07
65,Customer NYUHS,10820,2016-01-07
75,Customer XOJYP,10821,2016-01-08
82,Customer EYHKM,10822,2016-01-08
46,Customer XPNIK,10823,2016-01-09
24,Customer CYZTN,10824,2016-01-09
17,Customer FEVNN,10825,2016-01-09
7,Customer QXVLA,10826,2016-01-12
9,Customer RTXGC,10827,2016-01-12
64,Customer LWGMD,10828,2016-01-13
38,Customer LJUCA,10829,2016-01-13
81,Customer YQQWW,10830,2016-01-13
70,Customer TMXGN,10831,2016-01-14
41,Customer XIIWM,10832,2016-01-14
56,Customer QNIVZ,10833,2016-01-15
81,Customer YQQWW,10834,2016-01-15
1,Customer NRZBB,10835,2016-01-15
20,Customer THHDP,10836,2016-01-16
5,Customer HGVLZ,10837,2016-01-16
47,Customer PSQUZ,10838,2016-01-19
81,Customer YQQWW,10839,2016-01-19
47,Customer PSQUZ,10840,2016-01-19
76,Customer SFOGW,10841,2016-01-20
80,Customer VONTK,10842,2016-01-20
84,Customer NRCSK,10843,2016-01-21
59,Customer LOLJO,10844,2016-01-21
63,Customer IRRVL,10845,2016-01-21
76,Customer SFOGW,10846,2016-01-22
71,Customer LCOUJ,10847,2016-01-22
16,Customer GYBBY,10848,2016-01-23
39,Customer GLLAG,10849,2016-01-23
84,Customer NRCSK,10850,2016-01-23
67,Customer QVEPD,10851,2016-01-26
65,Customer NYUHS,10852,2016-01-26
6,Customer XHXJV,10853,2016-01-27
20,Customer THHDP,10854,2016-01-27
55,Customer KZQZT,10855,2016-01-27
3,Customer KBUDE,10856,2016-01-28
5,Customer HGVLZ,10857,2016-01-28
40,Customer EFFTC,10858,2016-01-29
25,Customer AZJED,10859,2016-01-29
26,Customer USDBG,10860,2016-01-29
89,Customer YBQTI,10861,2016-01-30
44,Customer OXFRU,10862,2016-01-30
35,Customer UMTLM,10863,2016-02-02
4,Customer HFBZG,10864,2016-02-02
63,Customer IRRVL,10865,2016-02-02
5,Customer HGVLZ,10866,2016-02-03
48,Customer DVFMB,10867,2016-02-03
62,Customer WFIZJ,10868,2016-02-04
72,Customer AHPOP,10869,2016-02-04
91,Customer CCFIZ,10870,2016-02-04
9,Customer RTXGC,10871,2016-02-05
30,Customer KSLQF,10872,2016-02-05
90,Customer XBBVR,10873,2016-02-06
30,Customer KSLQF,10874,2016-02-06
5,Customer HGVLZ,10875,2016-02-06
9,Customer RTXGC,10876,2016-02-09
67,Customer QVEPD,10877,2016-02-09
63,Customer IRRVL,10878,2016-02-10
90,Customer XBBVR,10879,2016-02-10
24,Customer CYZTN,10880,2016-02-10
12,Customer PSNMQ,10881,2016-02-11
71,Customer LCOUJ,10882,2016-02-11
48,Customer DVFMB,10883,2016-02-12
45,Customer QXPPT,10884,2016-02-12
76,Customer SFOGW,10885,2016-02-12
34,Customer IBVRG,10886,2016-02-13
29,Customer MDLWA,10887,2016-02-13
30,Customer KSLQF,10888,2016-02-16
65,Customer NYUHS,10889,2016-02-16
18,Customer BSVAR,10890,2016-02-16
44,Customer OXFRU,10891,2016-02-17
50,Customer JYPSC,10892,2016-02-17
39,Customer GLLAG,10893,2016-02-18
71,Customer LCOUJ,10894,2016-02-18
20,Customer THHDP,10895,2016-02-18
50,Customer JYPSC,10896,2016-02-19
37,Customer FRXZL,10897,2016-02-19
54,Customer TDKEG,10898,2016-02-20
46,Customer XPNIK,10899,2016-02-20
88,Customer SRQVM,10900,2016-02-20
35,Customer UMTLM,10901,2016-02-23
24,Customer CYZTN,10902,2016-02-23
34,Customer IBVRG,10903,2016-02-24
89,Customer YBQTI,10904,2016-02-24
88,Customer SRQVM,10905,2016-02-24
91,Customer CCFIZ,10906,2016-02-25
74,Customer YSHXL,10907,2016-02-25
66,Customer LHANT,10908,2016-02-26
70,Customer TMXGN,10909,2016-02-26
90,Customer XBBVR,10910,2016-02-26
30,Customer KSLQF,10911,2016-02-26
37,Customer FRXZL,10912,2016-02-26
62,Customer WFIZJ,10913,2016-02-26
62,Customer WFIZJ,10914,2016-02-27
80,Customer VONTK,10915,2016-02-27
64,Customer LWGMD,10916,2016-02-27
69,Customer SIUIH,10917,2016-03-02
10,Customer EEALV,10918,2016-03-02
47,Customer PSQUZ,10919,2016-03-02
4,Customer HFBZG,10920,2016-03-03
83,Customer ZRNDE,10921,2016-03-03
34,Customer IBVRG,10922,2016-03-03
41,Customer XIIWM,10923,2016-03-03
5,Customer HGVLZ,10924,2016-03-04
34,Customer IBVRG,10925,2016-03-04
2,Customer MLTDN,10926,2016-03-04
40,Customer EFFTC,10927,2016-03-05
29,Customer MDLWA,10928,2016-03-05
25,Customer AZJED,10929,2016-03-05
76,Customer SFOGW,10930,2016-03-06
68,Customer CCKOT,10931,2016-03-06
9,Customer RTXGC,10932,2016-03-06
38,Customer LJUCA,10933,2016-03-06
44,Customer OXFRU,10934,2016-03-09
88,Customer SRQVM,10935,2016-03-09
32,Customer YSIQX,10936,2016-03-09
12,Customer PSNMQ,10937,2016-03-10
63,Customer IRRVL,10938,2016-03-10
49,Customer CQRAA,10939,2016-03-10
9,Customer RTXGC,10940,2016-03-11
71,Customer LCOUJ,10941,2016-03-11
66,Customer LHANT,10942,2016-03-11
11,Customer UBHAU,10943,2016-03-11
10,Customer EEALV,10944,2016-03-12
52,Customer PZNLA,10945,2016-03-12
83,Customer ZRNDE,10946,2016-03-12
11,Customer UBHAU,10947,2016-03-13
30,Customer KSLQF,10948,2016-03-13
10,Customer EEALV,10949,2016-03-13
49,Customer CQRAA,10950,2016-03-16
68,Customer CCKOT,10951,2016-03-16
1,Customer NRZBB,10952,2016-03-16
4,Customer HFBZG,10953,2016-03-16
47,Customer PSQUZ,10954,2016-03-17
24,Customer CYZTN,10955,2016-03-17
6,Customer XHXJV,10956,2016-03-17
35,Customer UMTLM,10957,2016-03-18
54,Customer TDKEG,10958,2016-03-18
31,Customer YJCBX,10959,2016-03-18
35,Customer UMTLM,10960,2016-03-19
62,Customer WFIZJ,10961,2016-03-19
63,Customer IRRVL,10962,2016-03-19
28,Customer XYUFB,10963,2016-03-19
74,Customer YSHXL,10964,2016-03-20
55,Customer KZQZT,10965,2016-03-20
14,Customer WNMAF,10966,2016-03-20
79,Customer FAPSM,10967,2016-03-23
20,Customer THHDP,10968,2016-03-23
15,Customer JUWXK,10969,2016-03-23
8,Customer QUHWH,10970,2016-03-24
26,Customer USDBG,10971,2016-03-24
40,Customer EFFTC,10972,2016-03-24
40,Customer EFFTC,10973,2016-03-24
75,Customer XOJYP,10974,2016-03-25
10,Customer EEALV,10975,2016-03-25
35,Customer UMTLM,10976,2016-03-25
24,Customer CYZTN,10977,2016-03-26
50,Customer JYPSC,10978,2016-03-26
20,Customer THHDP,10979,2016-03-26
24,Customer CYZTN,10980,2016-03-27
34,Customer IBVRG,10981,2016-03-27
10,Customer EEALV,10982,2016-03-27
71,Customer LCOUJ,10983,2016-03-27
71,Customer LCOUJ,10984,2016-03-30
37,Customer FRXZL,10985,2016-03-30
54,Customer TDKEG,10986,2016-03-30
19,Customer RFNQC,10987,2016-03-31
65,Customer NYUHS,10988,2016-03-31
61,Customer WULWD,10989,2016-03-31
20,Customer THHDP,10990,2016-04-01
63,Customer IRRVL,10991,2016-04-01
77,Customer LCYBZ,10992,2016-04-01
24,Customer CYZTN,10993,2016-04-01
83,Customer ZRNDE,10994,2016-04-02
58,Customer AHXHT,10995,2016-04-02
63,Customer IRRVL,10996,2016-04-02
46,Customer XPNIK,10997,2016-04-03
91,Customer CCFIZ,10998,2016-04-03
56,Customer QNIVZ,10999,2016-04-03
65,Customer NYUHS,11000,2016-04-06
24,Customer CYZTN,11001,2016-04-06
71,Customer LCOUJ,11002,2016-04-06
78,Customer NLTYP,11003,2016-04-06
50,Customer JYPSC,11004,2016-04-07
90,Customer XBBVR,11005,2016-04-07
32,Customer YSIQX,11006,2016-04-07
60,Customer QZURI,11007,2016-04-08
20,Customer THHDP,11008,2016-04-08
30,Customer KSLQF,11009,2016-04-08
66,Customer LHANT,11010,2016-04-09
1,Customer NRZBB,11011,2016-04-09
25,Customer AZJED,11012,2016-04-09
69,Customer SIUIH,11013,2016-04-09
47,Customer PSQUZ,11014,2016-04-10
70,Customer TMXGN,11015,2016-04-10
4,Customer HFBZG,11016,2016-04-10
20,Customer THHDP,11017,2016-04-13
48,Customer DVFMB,11018,2016-04-13
64,Customer LWGMD,11019,2016-04-13
56,Customer QNIVZ,11020,2016-04-14
63,Customer IRRVL,11021,2016-04-14
34,Customer IBVRG,11022,2016-04-14
11,Customer UBHAU,11023,2016-04-14
19,Customer RFNQC,11024,2016-04-15
87,Customer ZHYOS,11025,2016-04-15
27,Customer WMFEA,11026,2016-04-15
10,Customer EEALV,11027,2016-04-16
39,Customer GLLAG,11028,2016-04-16
14,Customer WNMAF,11029,2016-04-16
71,Customer LCOUJ,11030,2016-04-17
71,Customer LCOUJ,11031,2016-04-17
89,Customer YBQTI,11032,2016-04-17
68,Customer CCKOT,11033,2016-04-17
55,Customer KZQZT,11034,2016-04-20
76,Customer SFOGW,11035,2016-04-20
17,Customer FEVNN,11036,2016-04-20
30,Customer KSLQF,11037,2016-04-21
76,Customer SFOGW,11038,2016-04-21
47,Customer PSQUZ,11039,2016-04-21
32,Customer YSIQX,11040,2016-04-22
14,Customer WNMAF,11041,2016-04-22
15,Customer JUWXK,11042,2016-04-22
74,Customer YSHXL,11043,2016-04-22
91,Customer CCFIZ,11044,2016-04-23
10,Customer EEALV,11045,2016-04-23
86,Customer SNXOJ,11046,2016-04-23
19,Customer RFNQC,11047,2016-04-24
10,Customer EEALV,11048,2016-04-24
31,Customer YJCBX,11049,2016-04-24
24,Customer CYZTN,11050,2016-04-27
41,Customer XIIWM,11051,2016-04-27
34,Customer IBVRG,11052,2016-04-27
59,Customer LOLJO,11053,2016-04-27
12,Customer PSNMQ,11054,2016-04-28
35,Customer UMTLM,11055,2016-04-28
19,Customer RFNQC,11056,2016-04-28
53,Customer GCJSG,11057,2016-04-29
6,Customer XHXJV,11058,2016-04-29
67,Customer QVEPD,11059,2016-04-29
27,Customer WMFEA,11060,2016-04-30
32,Customer YSIQX,11061,2016-04-30
66,Customer LHANT,11062,2016-04-30
37,Customer FRXZL,11063,2016-04-30
71,Customer LCOUJ,11064,2016-05-01
46,Customer XPNIK,11065,2016-05-01
89,Customer YBQTI,11066,2016-05-01
17,Customer FEVNN,11067,2016-05-04
62,Customer WFIZJ,11068,2016-05-04
80,Customer VONTK,11069,2016-05-04
44,Customer OXFRU,11070,2016-05-05
46,Customer XPNIK,11071,2016-05-05
20,Customer THHDP,11072,2016-05-05
58,Customer AHXHT,11073,2016-05-05
73,Customer JMIKW,11074,2016-05-06
68,Customer CCKOT,11075,2016-05-06
9,Customer RTXGC,11076,2016-05-06
65,Customer NYUHS,11077,2016-05-06
